	{

		"metadata": {
			"formatVersion" : 3.1,
			"generatedBy"   : "Blender 2.7 Exporter",
			"vertices"      : 166,
			"faces"         : 164,
			"normals"       : 138,
			"colors"        : 0,
			"uvs"           : [],
			"materials"     : 1,
			"morphTargets"  : 0,
			"bones"         : 0
		},

			"scale" : 1.000000,
			
			"vertices" : [-9.90927,-0.168745,1.5585,-7.27164,-0.168745,1.5585,-10,6.97443e-08,1.59556,-1.48869,-0.168745,2.7743,-1.55584,1.22889e-07,2.81136,-2.5407,6.97443e-08,1.59556,-2.48012,-0.170797,1.5595,-1.73906,-2.92046,0.780763,-7.35058,6.97443e-08,1.59556,-9.90927,-0.168745,1.24206,-10,5.5583e-08,1.27159,-2.5407,5.5583e-08,1.27159,-1.75702,-2.92996,0.642686,-7.35058,5.5583e-08,1.27159,-7.28767,-0.168745,1.24206,-1.95003,-2.91402,0.478287,-7.30134,-0.342168,0.972264,-9.90927,-0.342168,0.972264,-10,4.35097e-08,0.995385,-2.5407,4.35097e-08,0.995385,-7.35058,4.35097e-08,0.995385,-1.95263,-2.12152,1.0186,-1.9873,-2.10654,0.820735,-6.52279,-2.12357,0.636068,-2.53117,-0.164384,1.23596,-2.75388,-0.344477,0.977359,-2.19959,-2.12126,0.630974,-7.13908,-0.713438,0.902196,-2.37019,-0.577356,1.44677,-2.63836,-0.714784,0.905167,-2.41782,-0.569158,1.14943,9.90927,-0.168745,1.5585,7.27164,-0.168745,1.5585,0,6.97443e-08,1.59556,10,6.97443e-08,1.59556,0,-0.168745,1.5585,1.48869,-0.168745,2.7743,1.55584,1.22889e-07,2.81136,0,-0.168745,2.7743,0,1.22889e-07,2.81136,2.5407,6.97443e-08,1.59556,2.48012,-0.170797,1.5595,1.73906,-2.92046,0.780763,7.35058,6.97443e-08,1.59556,0,5.5583e-08,1.27159,9.90927,-0.168745,1.24206,10,5.5583e-08,1.27159,2.5407,5.5583e-08,1.27159,1.75702,-2.92996,0.642686,7.35058,5.5583e-08,1.27159,7.28767,-0.168745,1.24206,0,-2.12254,1.0191,1.95003,-2.91402,0.478287,7.30134,-0.342168,0.972264,0,4.35097e-08,0.995385,9.90927,-0.342168,0.972264,10,4.35097e-08,0.995385,2.5407,4.35097e-08,0.995385,7.35058,4.35097e-08,0.995385,1.95263,-2.12152,1.0186,1.9873,-2.10654,0.820735,6.52279,-2.12357,0.636068,2.53117,-0.164384,1.23596,2.75388,-0.344477,0.977359,2.19959,-2.12126,0.630974,0,-2.91904,0.780072,0,-2.92378,0.631908,0,-2.91581,0.48225,7.13908,-0.713438,0.902196,2.37019,-0.577356,1.44677,2.63836,-0.714784,0.905167,2.41782,-0.569158,1.14943,0,-0.576757,1.44648,-9.90927,-0.168745,-1.5585,-7.27164,-0.168745,-1.5585,-10,-6.97443e-08,-1.59556,-9.90927,-0.342168,1.49566e-08,-10,0,0,-1.48869,-0.168745,-2.7743,-1.55584,-1.22889e-07,-2.81136,-7.35058,0,0,-2.5407,-6.97443e-08,-1.59556,-2.5407,0,0,-2.48012,-0.170798,-1.5595,-1.95659,-2.91761,1.27533e-07,-1.73906,-2.92046,-0.780763,-7.35058,-6.97443e-08,-1.59556,-7.35058,-0.342168,1.49566e-08,-9.90927,-0.168745,-1.24206,-10,-5.5583e-08,-1.27159,-2.5407,-5.5583e-08,-1.27159,-1.75702,-2.92996,-0.642686,-7.35058,-5.5583e-08,-1.27159,-7.28767,-0.168745,-1.24206,-1.95003,-2.91402,-0.478287,-7.30134,-0.342168,-0.972264,-9.90927,-0.342168,-0.972264,-10,-4.35097e-08,-0.995385,-2.5407,-4.35097e-08,-0.995385,-7.35058,-4.35097e-08,-0.995385,-1.95263,-2.12152,-1.0186,-6.53797,-2.12357,9.28242e-08,-1.9873,-2.10654,-0.820735,-6.52279,-2.12357,-0.636068,-2.53117,-0.164384,-1.23596,-2.75388,-0.344477,-0.977359,-2.20063,-2.12357,9.28242e-08,-2.19959,-2.12126,-0.630974,-7.18122,-0.713438,3.11854e-08,-7.13908,-0.713438,-0.902196,-2.37019,-0.577356,-1.44677,-2.63836,-0.714784,-0.905167,-2.41782,-0.569158,-1.14943,9.90927,-0.168745,-1.5585,7.27164,-0.168745,-1.5585,0,-6.97443e-08,-1.59556,10,-6.97443e-08,-1.59556,0,-0.168745,-1.5585,9.90927,-0.342168,1.49566e-08,10,0,0,1.48869,-0.168745,-2.7743,1.55584,-1.22889e-07,-2.81136,0,-0.168745,-2.7743,0,-1.22889e-07,-2.81136,7.35058,0,0,2.5407,-6.97443e-08,-1.59556,2.5407,0,0,2.48012,-0.170798,-1.5595,1.95659,-2.91761,1.27533e-07,1.73906,-2.92046,-0.780763,7.35058,-6.97443e-08,-1.59556,7.35058,-0.342168,1.49566e-08,0,-5.5583e-08,-1.27159,9.90927,-0.168745,-1.24206,10,-5.5583e-08,-1.27159,2.5407,-5.5583e-08,-1.27159,1.75702,-2.92996,-0.642686,7.35058,-5.5583e-08,-1.27159,7.28767,-0.168745,-1.24206,0,-2.12254,-1.01909,1.95003,-2.91402,-0.478287,7.30134,-0.342168,-0.972264,0,-4.35097e-08,-0.995385,9.90927,-0.342168,-0.972264,10,-4.35097e-08,-0.995385,2.5407,-4.35097e-08,-0.995385,7.35058,-4.35097e-08,-0.995385,1.95263,-2.12152,-1.0186,6.53797,-2.12357,9.28242e-08,1.9873,-2.10654,-0.820735,6.52279,-2.12357,-0.636068,2.53117,-0.164384,-1.23596,2.75388,-0.344477,-0.977359,2.20063,-2.12357,9.28242e-08,2.19959,-2.12126,-0.630974,0,-2.91761,1.27533e-07,0,-2.91904,-0.780071,0,-2.92378,-0.631908,0,-2.91581,-0.48225,7.18122,-0.713438,3.11854e-08,7.13908,-0.713438,-0.902196,2.37019,-0.577356,-1.44677,2.63836,-0.714784,-0.905167,2.41782,-0.569158,-1.14943,0,-0.576757,-1.44648,0,0,0],