	{

		"metadata": {
			"formatVersion" : 3.1,
			"generatedBy"   : "Blender 2.7 Exporter",
			"vertices"      : 166,
			"faces"         : 164,
			"normals"       : 138,
			"colors"        : 0,
			"uvs"           : [],
			"materials"     : 1,
			"morphTargets"  : 0,
			"bones"         : 0
		},

			"scale" : 1.000000,
			
			"vertices" : [-6.93649,-0.118121,1.09095,-5.09015,-0.118121,1.09095,-7,4.8821e-08,1.11689,-1.04208,-0.118121,1.94201,-1.08909,8.60219e-08,1.96795,-1.77849,4.8821e-08,1.1169,-1.73609,-0.119558,1.09165,-1.21734,-2.04432,0.546534,-5.14541,4.8821e-08,1.11689,-6.93649,-0.118121,0.869439,-7,3.89081e-08,0.890114,-1.77849,3.89081e-08,0.890114,-1.22991,-2.05097,0.44988,-5.14541,3.89081e-08,0.890114,-5.10137,-0.118121,0.869439,-1.36502,-2.03981,0.334801,-5.11094,-0.239518,0.680585,-6.93649,-0.239518,0.680585,-7,3.04568e-08,0.69677,-1.77849,3.04568e-08,0.69677,-5.14541,3.04568e-08,0.69677,-1.36684,-1.48506,0.713018,-1.39111,-1.47458,0.574515,-4.56595,-1.4865,0.445248,-1.77182,-0.115069,0.865175,-1.92772,-0.241134,0.684151,-1.53971,-1.48488,0.441682,-4.99735,-0.499406,0.631537,-1.65913,-0.404149,1.01274,-1.84685,-0.500349,0.633617,-1.69247,-0.398411,0.804597,6.93649,-0.118121,1.09095,5.09015,-0.118121,1.09095,0,4.8821e-08,1.1169,7,4.8821e-08,1.11689,0,-0.118121,1.09095,1.04208,-0.118121,1.94201,1.08909,8.60219e-08,1.96795,0,-0.118121,1.94201,0,8.6022e-08,1.96795,1.77849,4.8821e-08,1.1169,1.73609,-0.119558,1.09165,1.21734,-2.04432,0.546534,5.14541,4.8821e-08,1.11689,0,3.89081e-08,0.890114,6.93649,-0.118121,0.869439,7,3.89081e-08,0.890114,1.77849,3.89081e-08,0.890114,1.22991,-2.05097,0.44988,5.14541,3.89081e-08,0.890114,5.10137,-0.118121,0.869439,0,-1.48578,0.713367,1.36502,-2.03981,0.334801,5.11094,-0.239518,0.680585,0,3.04568e-08,0.69677,6.93649,-0.239518,0.680585,7,3.04568e-08,0.69677,1.77849,3.04568e-08,0.69677,5.14541,3.04568e-08,0.69677,1.36684,-1.48506,0.713018,1.39111,-1.47458,0.574515,4.56595,-1.4865,0.445248,1.77182,-0.115069,0.865175,1.92772,-0.241134,0.684151,1.53971,-1.48488,0.441682,0,-2.04332,0.54605,0,-2.04665,0.442336,0,-2.04107,0.337575,4.99735,-0.499406,0.631537,1.65913,-0.404149,1.01274,1.84685,-0.500349,0.633617,1.69247,-0.398411,0.804597,0,-0.40373,1.01253,-6.93649,-0.118122,-1.09095,-5.09015,-0.118122,-1.09095,-7,-4.8821e-08,-1.11689,-6.93649,-0.239518,1.04696e-08,-7,0,0,-1.04208,-0.118122,-1.94201,-1.08909,-8.60219e-08,-1.96795,-5.14541,0,0,-1.77849,-4.8821e-08,-1.1169,-1.77849,0,0,-1.73609,-0.119558,-1.09165,-1.36961,-2.04233,8.92729e-08,-1.21734,-2.04432,-0.546534,-5.14541,-4.8821e-08,-1.11689,-5.14541,-0.239518,1.04696e-08,-6.93649,-0.118122,-0.869439,-7,-3.89081e-08,-0.890114,-1.77849,-3.89081e-08,-0.890114,-1.22991,-2.05097,-0.44988,-5.14541,-3.89081e-08,-0.890114,-5.10137,-0.118122,-0.869439,-1.36502,-2.03981,-0.334801,-5.11094,-0.239518,-0.680585,-6.93649,-0.239518,-0.680585,-7,-3.04568e-08,-0.69677,-1.77849,-3.04568e-08,-0.69677,-5.14541,-3.04568e-08,-0.69677,-1.36684,-1.48506,-0.713018,-4.57658,-1.4865,6.49769e-08,-1.39111,-1.47458,-0.574514,-4.56595,-1.4865,-0.445248,-1.77182,-0.115069,-0.865175,-1.92772,-0.241134,-0.684151,-1.54044,-1.4865,6.49769e-08,-1.53971,-1.48488,-0.441682,-5.02686,-0.499406,2.18297e-08,-4.99735,-0.499406,-0.631537,-1.65913,-0.404149,-1.01274,-1.84685,-0.500349,-0.633617,-1.69247,-0.398411,-0.804597,6.93649,-0.118122,-1.09095,5.09015,-0.118122,-1.09095,0,-4.8821e-08,-1.1169,7,-4.8821e-08,-1.11689,0,-0.118122,-1.09095,6.93649,-0.239518,1.04696e-08,7,0,0,1.04208,-0.118122,-1.94201,1.08909,-8.60219e-08,-1.96795,0,-0.118122,-1.94201,0,-8.6022e-08,-1.96795,5.14541,0,0,1.77849,-4.8821e-08,-1.1169,1.77849,0,0,1.73609,-0.119558,-1.09165,1.36961,-2.04233,8.92729e-08,1.21734,-2.04432,-0.546534,5.14541,-4.8821e-08,-1.11689,5.14541,-0.239518,1.04696e-08,0,-3.89081e-08,-0.890114,6.93649,-0.118122,-0.869439,7,-3.89081e-08,-0.890114,1.77849,-3.89081e-08,-0.890114,1.22991,-2.05097,-0.44988,5.14541,-3.89081e-08,-0.890114,5.10137,-0.118122,-0.869439,0,-1.48578,-0.713366,1.36502,-2.03981,-0.334801,5.11094,-0.239518,-0.680585,0,-3.04568e-08,-0.69677,6.93649,-0.239518,-0.680585,7,-3.04568e-08,-0.69677,1.77849,-3.04568e-08,-0.69677,5.14541,-3.04568e-08,-0.69677,1.36684,-1.48506,-0.713018,4.57658,-1.4865,6.49769e-08,1.39111,-1.47458,-0.574514,4.56595,-1.4865,-0.445248,1.77182,-0.115069,-0.865175,1.92772,-0.241134,-0.684151,1.54044,-1.4865,6.49769e-08,1.53971,-1.48488,-0.441682,0,-2.04233,8.92729e-08,0,-2.04332,-0.54605,0,-2.04665,-0.442336,0,-2.04107,-0.337575,5.02686,-0.499406,2.18297e-08,4.99735,-0.499406,-0.631537,1.65913,-0.404149,-1.01274,1.84685,-0.500349,-0.633617,1.69247,-0.398411,-0.804597,0,-0.40373,-1.01253,0,0,0],