{
    "metadata": {
        "type": "Geometry",
        "normals": 138,
        "version": 3,
        "generator": "io_three",
        "uvs": 0,
        "faces": 164,
        "vertices": 166
    },
    "name": "Cube.001Geometry",
    "normals": [0.0,1.0,0.0,-0.838557,0.542863,0.045534,-0.693258,0.390301,0.605792,-0.000031,0.627247,0.778802,-0.407025,-0.746483,0.526322,0.0,-0.780053,0.62566,-0.549425,-0.808222,0.211737,-0.804376,0.59212,0.048006,-0.792535,0.60976,0.0,-0.60976,-0.792535,0.0,-0.255684,0.717277,0.648152,-0.416852,-0.671896,0.612171,-0.242073,-0.739799,0.627735,-0.422132,0.485427,0.765587,0.0,0.626667,0.77926,0.0,-0.795434,0.606006,0.0,-0.779046,0.626911,0.0,-0.999878,-0.013764,0.0,-0.786889,0.617084,-0.453993,-0.710593,0.537492,-0.40495,-0.89053,0.207221,-0.219428,-0.839656,0.49675,-0.529954,-0.847987,0.0,-0.596606,-0.77813,0.196265,0.0,-0.999359,-0.035524,-0.60857,-0.747642,0.265755,0.000122,-0.958861,0.283853,-0.426893,-0.724021,0.541765,-0.548509,-0.836116,0.0,-0.5927,-0.805414,0.0,-0.560961,-0.56209,0.607715,0.0,-1.0,0.0,-0.594745,-0.803888,0.0,-0.911679,-0.410871,0.0,-0.609821,-0.400891,0.683615,-0.31901,-0.273293,0.907468,-0.215949,-0.517533,0.827937,-0.521043,-0.772698,0.362499,-0.602832,-0.365154,0.709372,-0.826197,-0.330638,0.456099,-0.605487,-0.359966,0.709769,-0.82107,-0.330729,0.465194,0.0,-0.27662,0.960967,0.0,-0.266366,0.963836,0.000031,0.627247,0.778802,0.693258,0.390301,0.605792,0.838557,0.542863,0.045534,0.407025,-0.746483,0.526322,0.549425,-0.808222,0.211737,0.60976,-0.792535,0.0,0.792535,0.60976,0.0,0.804376,0.59212,0.048006,0.255684,0.717277,0.648152,0.422132,0.485427,0.765587,0.242073,-0.739799,0.627735,0.416852,-0.671896,0.612171,0.40495,-0.89053,0.207221,0.453993,-0.710593,0.537492,0.219428,-0.839656,0.49675,0.529954,-0.847987,0.0,0.596606,-0.77813,0.196265,0.60857,-0.747642,0.265755,-0.000122,-0.958861,0.283853,0.426893,-0.724021,0.541765,0.560961,-0.56209,0.607715,0.5927,-0.805414,0.0,0.548509,-0.836116,0.0,0.594745,-0.803888,0.0,0.911679,-0.410871,0.0,0.609821,-0.400891,0.683615,0.31901,-0.273293,0.907468,0.521043,-0.772698,0.362499,0.215949,-0.517533,0.827937,0.826197,-0.330638,0.456099,0.602832,-0.365154,0.709372,0.605487,-0.359966,0.709769,0.82107,-0.330729,0.465194,-0.000031,0.627247,-0.778802,-0.693258,0.390301,-0.605792,-0.838557,0.542863,-0.045534,0.0,-0.780053,-0.62566,-0.407025,-0.746483,-0.526322,-0.549425,-0.808222,-0.211737,-0.804376,0.59212,-0.048006,-0.255684,0.717277,-0.648152,-0.422132,0.485427,-0.765587,-0.242073,-0.739799,-0.627735,-0.416852,-0.671896,-0.612171,0.0,0.626667,-0.77926,0.0,-0.779046,-0.626911,0.0,-0.795434,-0.606006,0.0,-0.999878,0.013764,-0.40495,-0.89053,-0.207221,-0.453993,-0.710593,-0.537492,0.0,-0.786889,-0.617084,-0.219428,-0.839656,-0.49675,-0.596606,-0.77813,-0.196265,0.0,-0.999359,0.035524,-0.60857,-0.747642,-0.265755,0.000122,-0.958861,-0.283853,-0.426893,-0.724021,-0.541765,-0.560961,-0.56209,-0.607715,-0.609821,-0.400891,-0.683615,-0.31901,-0.273293,-0.907468,-0.521043,-0.772698,-0.362499,-0.215949,-0.517533,-0.827937,-0.826197,-0.330638,-0.456099,-0.602832,-0.365154,-0.709372,-0.605487,-0.359966,-0.709769,-0.82107,-0.330729,-0.465194,0.0,-0.27662,-0.960967,0.0,-0.266366,-0.963836,0.838557,0.542863,-0.045534,0.693258,0.390301,-0.605792,0.000031,0.627247,-0.778802,0.407025,-0.746483,-0.526322,0.549425,-0.808222,-0.211737,0.804376,0.59212,-0.048006,0.255684,0.717277,-0.648152,0.416852,-0.671896,-0.612171,0.242073,-0.739799,-0.627735,0.422132,0.485427,-0.765587,0.453993,-0.710593,-0.537492,0.40495,-0.89053,-0.207221,0.219428,-0.839656,-0.49675,0.596606,-0.77813,-0.196265,0.60857,-0.747642,-0.265755,-0.000122,-0.958861,-0.283853,0.426893,-0.724021,-0.541765,0.560961,-0.56209,-0.607715,0.609821,-0.400891,-0.683615,0.31901,-0.273293,-0.907468,0.215949,-0.517533,-0.827937,0.521043,-0.772698,-0.362499,0.602832,-0.365154,-0.709372,0.826197,-0.330638,-0.456099,0.605487,-0.359966,-0.709769,0.82107,-0.330729,-0.465194],
    "faces": [33,13,10,2,8,0,1,2,3,33,2,0,1,8,2,4,5,3,33,17,18,77,76,6,7,8,9,33,44,11,5,33,0,0,10,0,33,5,6,3,4,10,11,12,13,33,33,5,4,39,0,10,13,14,33,6,35,38,3,11,15,16,12,33,54,19,11,44,0,0,0,0,33,66,65,7,12,17,18,19,20,33,11,13,8,5,0,0,3,10,33,6,5,8,1,11,10,3,5,33,16,17,76,87,21,6,9,22,33,20,18,10,13,0,7,1,0,33,0,2,10,9,4,2,1,23,33,54,165,82,19,0,0,0,0,33,67,66,12,15,24,17,20,25,33,19,20,13,11,0,0,0,0,33,1,0,9,14,5,4,23,26,33,23,101,106,26,27,28,29,30,33,9,10,18,17,23,1,7,6,33,14,9,17,16,26,23,6,21,33,80,77,18,20,0,8,7,0,33,155,67,15,84,31,24,25,32,33,82,80,20,19,0,0,0,0,33,108,27,16,87,33,34,21,22,33,27,23,26,29,34,27,30,35,33,14,16,25,24,26,21,36,37,33,7,21,22,12,19,38,39,20,33,1,14,24,6,5,26,37,11,33,28,30,22,21,40,41,39,38,33,30,29,26,22,41,35,30,39,33,12,22,26,15,20,39,30,25,33,84,15,26,106,32,25,30,29,33,101,23,27,108,28,27,34,33,33,16,27,29,25,21,34,35,36,33,6,24,30,28,11,37,41,40,33,24,25,29,30,37,36,35,41,33,51,21,7,65,42,38,19,18,33,72,28,21,51,43,40,38,42,33,35,6,28,72,15,11,40,43,33,38,39,4,3,16,14,13,12,33,49,43,34,46,0,44,45,46,33,32,31,34,43,5,47,45,44,33,55,118,119,56,48,49,50,51,33,44,33,40,47,0,0,52,0,33,40,37,36,41,52,53,54,55,33,33,39,37,40,0,14,53,52,33,41,36,38,35,55,54,16,15,33,54,44,47,57,0,0,0,0,33,66,48,42,65,17,56,57,18,33,47,40,43,49,0,52,44,0,33,41,32,43,40,55,5,44,52,33,53,131,118,55,58,59,49,48,33,58,49,46,56,0,0,46,51,33,31,45,46,34,47,60,46,45,33,54,57,126,165,0,0,0,0,33,67,52,48,66,24,61,56,17,33,57,47,49,58,0,0,0,0,33,32,50,45,31,5,62,60,47,33,61,64,153,148,63,64,65,66,33,45,55,56,46,60,48,51,46,33,50,53,55,45,62,58,48,60,33,124,58,56,119,0,0,51,50,33,155,128,52,67,31,67,61,24,33,126,57,58,124,0,0,0,0,33,159,131,53,68,68,59,58,69,33,68,70,64,61,69,70,64,63,33,50,62,63,53,62,71,72,58,33,42,48,60,59,57,56,73,74,33,32,41,62,50,5,55,71,62,33,69,59,60,71,75,74,73,76,33,71,60,64,70,76,73,64,70,33,48,52,64,60,56,61,64,73,33,128,153,64,52,67,65,64,61,33,148,159,68,61,66,68,69,63,33,53,63,70,68,58,72,70,69,33,41,69,71,62,55,75,76,71,33,62,71,70,63,71,76,70,72,33,51,65,42,59,42,18,57,74,33,72,51,59,69,43,42,74,75,33,35,72,69,41,15,43,75,55,33,38,36,37,39,16,54,53,14,33,92,86,75,89,0,77,78,79,33,74,73,75,86,80,81,78,77,33,96,76,77,97,82,9,8,83,33,132,115,81,90,0,0,84,0,33,81,79,78,83,84,85,86,87,33,115,123,79,81,0,88,85,84,33,83,78,122,117,87,86,89,90,33,142,132,90,98,0,0,0,0,33,157,91,85,156,91,92,93,94,33,90,81,86,92,0,84,77,0,33,83,74,86,81,87,80,77,84,33,95,87,76,96,95,22,9,82,33,99,92,89,97,0,0,79,83,33,73,88,89,75,81,96,79,78,33,142,98,82,165,0,0,0,0,33,158,94,91,157,97,98,92,91,33,98,90,92,99,0,0,0,0,33,74,93,88,73,80,99,96,81,33,103,107,106,101,100,101,29,28,33,88,96,97,89,96,82,83,79,33,93,95,96,88,99,95,82,96,33,80,99,97,77,0,0,83,8,33,155,84,94,158,31,32,98,97,33,82,98,99,80,0,0,0,0,33,108,87,95,109,33,22,95,102,33,109,111,107,103,102,103,101,100,33,93,104,105,95,99,104,105,95,33,85,91,102,100,93,92,106,107,33,74,83,104,93,80,87,104,99,33,110,100,102,112,108,107,106,109,33,112,102,107,111,109,106,101,103,33,91,94,107,102,92,98,101,106,33,84,106,107,94,32,29,101,98,33,101,108,109,103,28,33,102,100,33,95,105,111,109,95,105,103,102,33,83,110,112,104,87,108,109,104,33,104,112,111,105,104,109,103,105,33,139,156,85,100,110,94,93,107,33,164,139,100,110,111,110,107,108,33,117,164,110,83,90,111,108,87,33,122,78,79,123,89,86,85,88,33,137,134,116,130,0,112,113,114,33,114,130,116,113,80,114,113,115,33,143,144,119,118,116,117,50,49,33,132,135,125,115,0,0,118,0,33,125,127,120,121,118,119,120,121,33,115,125,121,123,0,118,121,88,33,127,117,122,120,119,90,89,120,33,142,145,135,132,0,0,0,0,33,157,156,129,136,91,94,122,123,33,135,137,130,125,0,0,114,118,33,127,125,130,114,119,118,114,80,33,141,143,118,131,124,116,49,59,33,146,144,134,137,0,117,112,0,33,113,116,134,133,115,113,112,125,33,142,165,126,145,0,0,0,0,33,158,157,136,140,97,91,123,126,33,145,146,137,135,0,0,0,0,33,114,113,133,138,80,115,125,127,33,150,148,153,154,128,66,65,129,33,133,134,144,143,125,112,117,116,33,138,133,143,141,127,125,116,124,33,124,119,144,146,0,50,117,0,33,155,158,